month,orders
2012-03,60
2012-04,99
2012-05,108
2012-06,140
2012-07,169
2012-08,228
2012-09,287
2012-10,371
2012-11,618
2012-12,506
2013-01,390
2013-02,498
2013-03,385
2013-04,553
2013-05,571
2013-06,593
2013-07,604
2013-08,608
2013-09,629
2013-10,708
2013-11,861
2013-12,1047
2014-01,982
2014-02,1021
2014-03,1066
2014-04,1241
2014-05,1368
2014-06,1239
2014-07,1286
2014-08,1325
2014-09,1424
2014-10,1609
2014-11,1985
2014-12,2314
2015-01,2098
2015-02,2068
2015-03,1254
